ticker,Price/Book (mrq),Trailing P/E,Forward P/E 1,PEG Ratio (5 yr expected) 1,Price/Sales (ttm),Total Debt/Equity (mrq),Diluted EPS (ttm),Trailing Annual Dividend Yield 3,Forward Annual Dividend Yield 4,% Held by Insiders 1,% Held by Institutions 1,Return on Equity (ttm),Return on Assets (ttm),Quarterly Earnings Growth (yoy),current_price
A,8.51,51.60,34.97,2.69,7.54,55.68,2.60,0.55%,0.58%,0.28%,91.14%,16.78%,7.50%,46.20%,133.64
AAL,,2.81,7.39,,0.89,,-14.73,0.00%,,1.04%,52.75%,,-12.77%,,21.72
AAP,3.68,28.11,19.72,1.19,1.37,98.61,7.14,0.50%,1.99%,0.40%,104.55%,13.87%,4.33%,16.80%,200.16
AAPL,32.39,29.86,31.85,3.02,7.05,175.84,4.45,0.61%,0.66%,0.08%,59.76%,103.40%,16.90%,110.10%,131.46
ABBV,14.97,40.77,8.93,,4.05,665.02,2.72,4.36%,4.69%,0.10%,69.78%,187.70%,8.19%,-98.70%,111.5
ABC,5.58,13.93,14.37,1.61,0.13,,-15.76,1.40%,1.47%,27.99%,66.92%,-250.82%,3.28%,99.80%,120.8
ABMD,11.58,73.56,,,18.12,0.86,4.39,,,2.12%,97.03%,17.37%,10.82%,-10.60%,320.73
ABT,6.54,37.93,24.21,2.40,5.80,60.27,3.19,1.34%,1.49%,0.72%,75.75%,,,217.90%,120.08
ACN,10.16,34.66,34.72,3.72,4.14,18.44,8.45,1.18%,1.20%,0.11%,73.60%,31.88%,11.57%,16.70%,289.97
ADBE,18.21,44.96,44.64,2.65,18.25,34.75,11.49,,,0.30%,85.87%,46.36%,12.86%,32.00%,508.34
ADI,4.82,41.91,25.51,2.20,10.04,44.11,3.77,1.61%,1.75%,0.32%,97.54%,11.82%,5.15%,90.60%,153.16
ADM,1.70,17.27,15.70,5.55,0.52,55.08,3.15,2.27%,2.33%,0.50%,81.33%,9.05%,2.41%,36.30%,63.13
ADP,14.21,32.71,29.24,3.40,5.52,41.51,5.76,0.48%,1.97%,0.11%,81.28%,44.28%,4.23%,-1.20%,186.99
ADSK,67.39,54.46,59.17,2.12,17.36,217.98,5.44,,,0.19%,93.66%,292.40%,6.03%,591.40%,291.91
AEE,2.40,24.04,22.52,3.04,3.61,127.94,3.50,2.38%,2.61%,0.44%,77.03%,10.15%,2.90%,22.30%,84.84
AEP,2.10,19.28,18.73,3.32,2.84,170.87,4.57,3.27%,3.36%,0.03%,74.69%,11.02%,2.46%,16.10%,88.71
AES,7.08,465.00,17.95,2.36,1.93,422.41,0.06,2.05%,2.16%,0.33%,106.08%,2.96%,4.29%,,27.82
AFL,1.15,6.99,11.17,,1.68,26.41,6.67,2.07%,2.43%,8.91%,61.70%,15.29%,1.73%,21.90%,53.73
AIG,0.64,6.04,11.57,0.57,0.96,57.41,-6.88,2.62%,2.62%,0.11%,93.04%,-8.66%,0.31%,,48.45
AIZ,1.59,22.39,16.69,,0.98,39.14,6.99,1.63%,1.69%,1.00%,93.84%,7.61%,1.10%,9.10%,155.6
AJG,4.44,33.51,28.49,,3.92,80.54,4.20,1.28%,1.36%,0.93%,87.50%,14.99%,3.34%,44.40%,144.95
AKAM,4.22,32.64,20.33,1.81,5.68,65.32,3.37,,,1.59%,92.79%,14.09%,5.94%,-4.80%,108.7
ALB,4.58,47.62,48.54,3.20,5.72,83.05,3.52,0.92%,0.93%,0.35%,79.83%,10.43%,3.38%,-6.40%,168.17
ALGN,14.09,105.84,69.93,3.78,17.05,1.88,5.76,,,6.76%,87.29%,14.67%,7.51%,-86.80%,595.53
ALK,2.97,83.02,131.58,,3.11,178.26,-9.88,0.00%,,0.42%,80.66%,-35.50%,-9.62%,,69.14
ALL,1.36,7.39,9.95,2.31,0.90,27.59,17.31,1.69%,2.53%,0.44%,79.37%,19.84%,4.33%,48.00%,126.8
ALLE,16.97,30.05,26.88,3.44,4.62,208.37,4.57,0.96%,1.05%,0.86%,96.85%,62.79%,12.72%,"26,900.00%",134.38
ALXN,3.14,60.88,13.02,3.57,6.06,25.16,2.72,,,0.39%,90.89%,5.26%,10.10%,-39.70%,168.68
AMAT,10.83,32.39,22.68,1.81,6.86,49.66,4.18,0.65%,0.71%,0.37%,82.88%,38.31%,14.14%,26.70%,132.71
AMCR,3.88,24.17,14.73,,1.50,143.09,0.31,3.95%,3.95%,0.22%,38.02%,15.26%,5.06%,17.70%,11.75
AMD,15.74,35.41,40.49,1.30,8.88,8.51,2.38,,,0.58%,77.37%,60.61%,14.68%,242.60%,81.62
AME,5.32,36.36,31.85,2.40,6.98,43.48,3.77,0.53%,0.58%,0.43%,88.80%,15.77%,6.49%,0.10%,134.93
AMGN,14.45,19.45,14.35,1.73,5.47,350.17,12.07,2.79%,3.00%,0.19%,77.71%,75.30%,9.16%,-9.80%,239.64
AMP,5.50,,12.87,0.98,2.64,103.69,-0.53,1.59%,1.73%,0.21%,85.17%,-1.07%,0.35%,-78.50%,258.4
AMT,27.21,66.07,48.78,2.53,13.89,767.95,3.79,1.81%,1.98%,0.29%,93.65%,29.76%,4.37%,-35.10%,254.77
AMZN,18.74,82.99,65.36,1.59,4.59,82.21,52.56,,,14.07%,58.93%,31.92%,6.38%,219.80%,3467.42
ANET,7.41,40.36,32.05,2.30,11.06,2.72,7.99,,,26.81%,64.97%,20.42%,9.89%,-29.80%,315.17
ANSS,7.91,74.81,55.25,5.26,19.30,23.00,4.97,,,0.44%,94.21%,11.49%,5.82%,30.00%,365.66
ANTM,2.77,20.43,15.36,1.45,0.79,71.20,18.69,1.04%,1.18%,0.21%,93.29%,14.38%,5.86%,9.30%,379.39
AON,15.48,28.32,22.17,1.80,5.04,249.09,8.45,0.75%,0.85%,0.84%,105.51%,57.37%,5.93%,40.10%,251.44
AOS,5.98,32.27,27.17,2.71,3.84,8.59,2.12,1.43%,1.52%,0.87%,95.46%,19.62%,8.87%,31.40%,67.75
APA,,,8.33,1.67,1.76,5827.74,-12.86,0.48%,0.53%,0.29%,85.45%,-185.83%,-17.66%,,20.0
APD,5.10,34.27,31.95,1.99,7.24,61.56,8.51,1.83%,2.05%,0.28%,85.92%,15.46%,6.11%,1.30%,288.48
APH,7.53,32.84,31.15,2.79,4.65,75.12,1.96,0.76%,1.69%,0.51%,96.34%,24.15%,8.87%,12.00%,67.34
APTV,4.95,21.70,38.17,1.58,2.99,55.57,6.66,0.15%,,0.55%,97.69%,30.09%,3.27%,30.00%,143.89
ARE,2.04,30.40,47.17,,12.17,60.11,5.74,2.39%,2.43%,1.13%,93.06%,6.40%,1.59%,-56.70%,181.1
ATO,1.82,19.92,20.28,2.86,4.44,71.05,5.15,2.30%,2.45%,1.01%,90.61%,9.60%,3.49%,21.80%,103.59
ATVI,4.74,32.66,25.58,1.81,8.86,25.90,2.82,0.51%,0.51%,1.32%,90.57%,15.78%,8.23%,-3.00%,91.19
AVB,2.49,32.51,66.67,5.82,11.69,72.02,5.89,3.32%,3.32%,0.34%,94.05%,7.61%,2.33%,103.50%,192.0
AVGO,7.94,53.91,17.33,1.28,7.99,174.72,8.65,2.94%,3.09%,2.36%,82.57%,16.36%,4.27%,257.90%,456.2
AVY,11.27,28.59,27.55,4.83,2.47,155.82,6.61,1.10%,1.27%,0.62%,92.88%,41.35%,9.44%,17.80%,214.17
AWK,4.34,39.50,36.36,4.11,7.44,171.03,3.91,1.39%,1.56%,0.22%,86.93%,11.28%,3.42%,48.00%,155.99
AXP,5.08,25.35,24.04,2.38,3.65,178.73,6.10,1.11%,1.11%,0.11%,86.52%,22.01%,2.64%,509.00%,153.35
AZO,,18.71,18.83,1.46,2.61,,79.10,,,0.37%,95.11%,,12.65%,15.60%,1464.12
BA,,,270.27,6.53,2.40,,-20.55,0.00%,,0.09%,54.63%,,-3.26%,,234.31
BAC,1.41,17.64,14.75,1.50,4.18,,2.33,1.75%,1.75%,0.11%,72.22%,8.14%,0.79%,100.70%,40.53
BAX,4.97,40.07,25.25,2.48,3.78,77.97,2.13,1.12%,1.15%,0.17%,90.11%,13.34%,6.14%,,85.69
BBY,6.45,17.29,16.37,1.40,0.66,88.99,6.84,1.99%,2.37%,11.84%,83.45%,44.58%,9.33%,9.50%,116.27
BDX,2.96,48.44,19.84,1.71,3.96,72.25,5.26,1.27%,1.32%,0.66%,86.48%,6.97%,3.82%,260.80%,248.81
BEN,1.49,19.62,9.83,0.76,2.44,36.24,1.56,3.56%,3.66%,42.91%,48.38%,7.05%,5.19%,-1.50%,30.0
BF-B,15.15,41.10,41.32,4.27,11.18,107.74,1.90,0.90%,0.92%,2.25%,51.01%,40.73%,11.13%,-5.20%,76.28
BIIB,3.74,13.67,14.45,6.24,3.29,71.72,19.29,,,0.63%,87.78%,26.49%,9.27%,-70.70%,267.33
BIO,1.94,5.08,50.76,1.07,7.59,0.12,137.30,,,14.29%,80.85%,48.49%,2.40%,42.50%,630.13
BK,1.06,13.35,12.59,1.73,2.91,,3.75,2.48%,2.48%,0.23%,86.60%,8.29%,0.77%,-5.40%,49.88
BKNG,20.99,1.74k,59.17,1.13,15.15,256.26,1.44,,,0.29%,95.85%,1.09%,1.68%,,2466.08
BKR,1.64,64.19,30.21,0.50,0.71,43.73,,,3.56%,4.92%,89.53%,-1.51%,1.78%,,20.08
BLK,3.58,24.00,22.27,2.91,7.56,21.43,34.51,1.82%,2.00%,1.21%,86.78%,,,48.80%,819.3
BLL,9.35,53.06,26.74,5.37,2.64,242.58,1.76,0.64%,0.64%,0.62%,84.85%,18.31%,4.44%,41.90%,93.64
BMY,3.71,93.81,8.33,6.04,3.34,136.43,-3.99,2.93%,2.97%,0.07%,76.70%,-20.08%,3.90%,,62.42
BR,13.04,36.45,26.88,2.52,4.04,144.26,4.43,1.38%,1.42%,0.83%,88.67%,40.53%,9.24%,457.40%,158.63
BRK-B,1.44,15.61,25.51,,2.32,27.11,26667.81,,,0.18%,68.60%,9.83%,5.15%,22.90%,274.95
BSX,4.09,315.00,28.65,2.28,6.20,62.73,0.14,,,0.25%,93.07%,,,"3,000.00%",43.6
BWA,1.84,21.09,11.93,0.61,1.04,59.58,2.34,1.38%,1.38%,0.52%,100.89%,9.80%,4.71%,62.70%,48.58
BXP,2.96,37.34,42.73,21.02,6.35,155.94,2.93,2.69%,3.58%,0.16%,98.31%,6.80%,2.39%,-79.90%,109.35
C,0.85,10.13,9.54,1.33,2.10,,7.29,2.78%,2.76%,0.21%,77.82%,8.35%,0.73%,214.90%,71.24
CAG,2.15,15.21,13.74,1.81,1.54,114.12,2.43,2.64%,2.98%,0.39%,88.12%,14.72%,6.15%,37.70%,37.09
CAH,9.04,13.05,9.78,4.70,0.11,340.91,4.70,3.20%,3.20%,0.17%,87.25%,93.05%,2.76%,185.90%,60.34
CARR,6.14,19.62,22.62,1.71,2.23,151.82,,,1.08%,0.06%,86.60%,46.65%,5.87%,300.00%,43.58
CAT,8.09,41.66,27.47,1.89,2.99,245.73,5.46,1.81%,1.81%,0.19%,70.16%,20.01%,3.95%,-29.00%,228.11
CB,1.29,13.77,14.66,0.96,2.01,29.22,12.32,1.84%,1.89%,0.52%,89.91%,10.03%,1.99%,812.70%,171.59
CBOE,3.31,24.20,20.75,,3.30,40.27,4.55,1.05%,1.63%,0.46%,83.94%,13.97%,7.68%,1.20%,104.37
CBRE,4.05,38.36,22.99,1.23,1.21,56.15,2.22,,,0.69%,98.21%,10.97%,4.33%,-50.80%,85.2
CCI,9.04,83.54,66.67,3.20,13.65,290.01,2.24,2.69%,2.83%,0.46%,90.71%,10.38%,2.72%,-34.60%,189.06
CCL,1.66,5.99,33.33,,29.13,165.24,-13.02,0.00%,,9.06%,51.46%,-51.82%,-8.02%,,27.96
CDNS,14.61,57.03,44.44,4.27,13.33,13.65,2.34,,,1.38%,89.46%,27.82%,11.59%,51.00%,131.77
CDW,19.77,33.49,25.38,,1.43,358.21,5.45,0.84%,0.88%,0.90%,94.51%,69.86%,8.56%,28.40%,178.33
CE,5.02,8.86,12.58,0.94,3.08,99.90,17.84,1.61%,1.72%,0.22%,100.75%,62.32%,5.33%,47.70%,156.65
CERN,5.08,29.90,23.92,2.26,4.23,33.31,2.52,1.01%,1.17%,0.13%,88.31%,17.73%,7.21%,-8.30%,75.05
CF,3.64,33.76,19.49,0.86,2.59,75.37,1.47,2.42%,2.42%,0.52%,92.37%,7.69%,3.21%,58.20%,48.63
CFG,0.97,13.21,11.01,,2.91,,3.56,3.32%,3.32%,0.44%,101.27%,7.33%,0.90%,"1,697.10%",46.28
CHD,6.98,27.56,28.17,3.86,4.43,79.93,3.12,1.12%,1.17%,0.15%,89.81%,27.63%,8.31%,4.00%,85.74
CHRW,6.84,21.99,21.60,2.15,0.77,89.51,4.43,2.09%,2.09%,0.75%,98.18%,34.82%,9.42%,121.80%,97.08
CHTR,6.06,43.50,33.33,0.92,2.92,277.93,15.40,,,28.66%,66.60%,10.64%,3.59%,74.50%,673.45
CI,1.73,10.90,12.38,1.10,0.57,66.61,22.96,0.02%,1.60%,1.45%,93.31%,17.73%,3.57%,323.20%,249.01
CINF,1.61,5.91,28.01,,1.84,7.61,18.85,2.18%,2.26%,7.43%,71.69%,31.93%,9.43%,,112.68
CL,91.05,25.42,24.21,3.90,4.16,746.05,3.14,2.19%,2.26%,0.22%,81.37%,344.79%,15.30%,0.60%,80.7
CLX,19.75,19.45,22.62,3.30,3.17,228.77,9.56,2.36%,2.39%,0.17%,86.21%,127.03%,15.58%,40.00%,182.5
CMA,1.36,12.24,13.79,1.05,4.02,,6.14,3.61%,3.61%,0.55%,81.43%,11.35%,1.09%,,75.16
CMCSA,2.87,24.74,19.72,1.42,2.52,115.04,2.53,1.67%,1.77%,0.66%,85.44%,13.17%,4.08%,55.10%,56.15
CME,2.76,38.22,30.03,4.88,15.83,12.97,5.33,1.69%,1.77%,0.46%,87.42%,7.20%,1.02%,-25.00%,201.99
CMG,19.92,104.00,63.29,2.29,6.69,154.91,14.27,,,1.37%,94.59%,21.57%,4.77%,66.40%,1492.03
CMI,4.67,21.38,18.25,1.73,1.93,51.82,12.01,2.06%,2.10%,0.44%,86.22%,20.75%,5.64%,67.00%,252.04
CMS,3.37,24.22,22.42,3.16,2.74,250.62,2.64,2.55%,2.72%,0.52%,91.67%,13.51%,3.27%,-5.40%,64.39
CNC,1.34,14.32,11.53,1.00,0.31,69.07,4.19,,,1.15%,94.56%,9.74%,4.33%,"1,419.60%",61.74
CNP,2.26,12.80,17.15,13.41,1.75,161.62,-1.79,3.02%,2.67%,0.19%,103.14%,-7.07%,2.21%,27.40%,24.49
COF,1.11,9.74,11.16,0.55,2.45,,15.30,0.67%,1.07%,0.87%,93.01%,12.51%,1.80%,,149.08
COG,3.08,34.12,11.72,0.43,4.66,52.69,0.50,2.34%,2.34%,2.55%,102.08%,9.18%,4.11%,-10.70%,16.67
COO,3.34,9.00,33.00,3.08,8.20,35.17,45.38,0.01%,0.01%,0.57%,99.07%,46.27%,3.39%,"2,221.70%",410.89
COP,2.41,14.03,18.15,6.04,3.05,54.12,-2.51,3.18%,3.24%,0.09%,63.10%,-8.18%,-1.53%,,51.14
COST,10.56,38.19,37.04,4.10,0.93,63.66,9.78,0.75%,0.85%,0.22%,69.97%,26.61%,7.79%,2.10%,372.09
CPB,4.98,18.12,15.48,1.02,1.63,213.95,2.66,2.96%,3.08%,35.52%,54.17%,29.72%,7.29%,-79.70%,47.75
CPRT,10.09,42.60,35.84,,13.16,17.39,2.95,,,10.84%,82.32%,27.89%,16.25%,14.70%,124.51
CRM,5.20,53.51,68.49,4.72,10.26,15.46,4.38,,,3.61%,81.76%,10.80%,0.47%,,230.32
CSCO,5.55,21.53,15.17,3.34,4.54,39.93,2.39,2.80%,2.88%,0.06%,73.91%,27.14%,9.12%,-11.60%,50.91
CSX,5.83,28.67,23.15,1.92,7.35,127.66,3.53,1.05%,1.11%,0.14%,76.97%,21.57%,6.91%,-8.30%,100.75
CTAS,9.66,38.45,34.60,3.06,5.46,72.49,9.14,1.21%,0.85%,14.55%,66.31%,27.67%,9.58%,10.20%,345.14
CTLT,5.61,62.25,34.48,3.26,5.34,80.21,1.80,,,0.56%,102.57%,11.27%,4.48%,94.30%,112.47
CTSH,3.97,31.66,20.62,1.91,2.64,16.43,2.57,1.08%,1.18%,0.22%,93.79%,12.74%,9.00%,-20.00%,80.4
CTVA,1.48,50.57,26.04,1.64,2.62,6.52,-1.28,0.52%,1.06%,0.09%,81.42%,3.05%,1.78%,,48.76
CTXS,141.74,32.01,20.08,2.09,4.99,1762.70,4.00,1.09%,1.16%,0.72%,96.69%,106.22%,8.36%,-45.90%,123.85
CVS,1.44,13.96,10.15,1.61,0.37,122.01,5.46,2.62%,2.62%,0.18%,78.47%,10.76%,3.77%,-44.30%,76.4
CVX,1.57,43.77,20.58,0.53,2.12,36.33,-2.96,4.83%,4.83%,0.04%,67.61%,-4.00%,-0.87%,,103.07
CZR,4.13,16.59,9.07,,3.72,535.00,-13.52,,,4.75%,96.90%,-57.16%,0.11%,,97.84
D,2.68,43.42,20.45,6.75,4.63,142.26,-0.57,4.37%,3.19%,0.27%,67.76%,4.39%,2.25%,-32.40%,79.9
DAL,61.55,4.86,93.46,23.16,2.33,7544.61,-20.51,0.01%,,0.32%,66.09%,-176.16%,-10.03%,,46.92
DD,1.08,,22.27,1.81,2.81,57.47,-4.02,1.54%,1.54%,0.09%,110.32%,-7.13%,1.51%,26.10%,77.11
DE,8.38,34.44,25.13,1.80,3.24,329.26,10.93,0.81%,0.96%,0.13%,80.43%,26.58%,4.73%,136.80%,370.85
DFS,2.88,12.87,9.35,0.72,3.19,172.87,8.89,1.54%,1.54%,0.53%,88.16%,25.62%,2.47%,,114.0
DG,7.72,20.23,22.78,2.45,1.59,204.02,10.62,0.67%,0.78%,0.24%,96.04%,39.74%,9.13%,20.00%,214.75
DGX,2.55,9.96,11.31,1.23,1.73,67.86,13.18,1.75%,1.89%,0.56%,93.52%,29.77%,12.45%,373.70%,131.88
DHI,2.82,11.77,10.88,0.72,1.55,34.32,8.63,0.74%,0.79%,10.01%,83.60%,26.60%,13.30%,92.60%,98.29
DHR,4.93,40.28,31.35,2.76,7.51,52.57,6.37,0.29%,0.33%,11.31%,81.15%,13.30%,5.23%,186.10%,253.94
DIS,4.00,51.22,149.25,4.59,5.52,59.43,-2.74,0.47%,,0.12%,67.20%,-4.54%,0.36%,-99.20%,186.02
DISCA,1.77,25.82,13.12,2.34,2.35,119.49,1.31,,,2.84%,143.70%,9.50%,4.49%,-62.90%,37.66
DISCK,1.51,21.99,11.19,1.99,2.00,119.49,1.31,,,4.87%,86.22%,9.50%,4.49%,-62.90%,32.31
DISH,1.72,14.92,13.77,1.68,1.70,111.97,3.02,,,14.20%,85.58%,14.28%,5.14%,88.10%,44.79
DLR,2.50,149.04,133.33,2.51,10.02,81.18,1.00,3.01%,3.11%,0.24%,96.45%,2.49%,1.30%,-82.80%,154.31
DLTR,3.71,20.43,18.48,1.74,1.07,132.32,5.65,,,1.28%,91.91%,19.82%,6.76%,308.80%,114.9
DOV,6.22,29.67,22.57,1.96,3.19,87.55,5.10,1.31%,1.31%,0.93%,85.23%,22.84%,7.34%,32.00%,149.19
DOW,3.42,24.27,14.58,,1.17,129.55,2.65,4.37%,4.42%,0.14%,68.46%,14.57%,3.02%,314.60%,62.5
DPZ,,33.57,32.89,2.58,4.00,,12.39,0.75%,0.90%,0.71%,97.37%,,30.75%,17.50%,422.34
DRE,3.32,57.30,67.57,27.78,17.27,67.18,0.96,2.18%,2.23%,0.14%,100.98%,7.06%,2.22%,307.90%,46.52
DRI,7.43,,21.74,1.60,3.05,223.45,-1.70,0.46%,1.08%,0.77%,93.12%,-8.80%,0.12%,-44.60%,146.72
DTE,2.15,18.94,19.38,2.95,2.09,162.43,7.36,3.01%,3.11%,0.65%,74.38%,11.55%,2.78%,16.80%,140.02
DUK,1.66,58.22,19.08,4.85,3.08,130.64,1.72,3.84%,3.88%,0.10%,62.67%,2.21%,2.16%,,100.69
DVA,8.82,17.91,14.04,0.92,1.22,386.43,6.31,,,2.93%,95.43%,31.40%,6.26%,-29.00%,116.53
DVN,5.65,,13.61,5.22,1.88,150.81,-7.12,1.74%,2.62%,0.85%,56.68%,-56.90%,0.39%,,23.38
DXC,1.51,,10.13,,0.47,130.14,-11.21,0.00%,,1.32%,87.45%,-37.67%,1.81%,"1,239.00%",32.91
DXCM,22.33,83.34,178.57,12.54,21.34,101.19,5.06,,,0.54%,98.00%,36.44%,5.60%,283.20%,386.1
EA,5.29,36.04,24.21,3.24,7.54,16.23,4.05,0.12%,0.46%,0.49%,96.09%,15.51%,6.74%,-39.00%,142.08
EBAY,10.13,15.07,13.87,0.74,3.60,195.57,4.12,1.18%,1.16%,3.64%,93.57%,91.08%,10.02%,-81.20%,55.79
ECL,10.22,73.21,43.48,2.90,5.86,110.78,-4.53,0.85%,0.85%,0.48%,87.61%,11.66%,4.97%,-31.70%,224.12
ED,1.39,23.39,18.05,6.33,2.10,132.12,3.28,3.99%,4.04%,0.17%,63.31%,6.14%,2.55%,-85.40%,77.41
EFX,8.36,46.25,33.33,2.43,6.40,130.46,4.93,0.68%,0.68%,0.40%,92.84%,21.09%,6.24%,72.50%,229.23
EIX,1.59,27.25,12.89,5.61,1.62,151.40,1.98,4.37%,4.50%,0.06%,92.17%,4.70%,2.69%,267.80%,59.45
EL,21.20,125.69,44.64,3.18,8.20,148.17,2.53,0.47%,0.67%,0.87%,91.44%,18.67%,7.15%,56.70%,313.8
EMN,2.64,33.31,14.45,2.10,1.88,95.74,3.50,2.29%,2.37%,0.62%,87.75%,8.06%,3.83%,23.10%,115.39
EMR,6.26,26.90,25.32,2.95,3.33,91.27,3.45,2.16%,2.18%,0.71%,75.31%,24.29%,8.22%,36.50%,90.49
ENPH,26.55,214.03,84.03,,23.72,139.31,0.67,,,6.22%,73.73%,18.45%,7.99%,-54.00%,139.25
EOG,2.18,61.08,12.47,0.79,4.45,33.26,-1.04,1.98%,2.17%,0.35%,90.85%,-2.88%,-0.24%,-47.00%,73.64
EQIX,5.98,155.52,81.97,2.70,10.26,130.93,4.18,1.51%,1.63%,0.39%,94.69%,3.80%,2.65%,-59.20%,720.76
EQR,2.67,41.55,109.89,8.82,11.41,76.21,1.77,3.28%,3.28%,1.64%,93.84%,6.25%,2.15%,-81.40%,74.23
ES,2.08,23.97,21.98,2.90,3.25,127.20,3.55,2.67%,2.83%,0.35%,80.74%,8.98%,2.93%,8.80%,86.22
ESS,3.09,43.96,72.99,7.87,12.81,98.76,6.48,2.91%,2.92%,1.11%,97.87%,7.05%,2.17%,-46.50%,290.52
ETN,3.87,41.55,25.51,2.08,3.28,57.49,3.49,2.01%,2.10%,0.20%,82.62%,9.10%,3.45%,5.10%,142.93
ETR,1.03,13.62,18.38,5.13,2.07,228.29,7.97,3.46%,3.50%,0.31%,88.09%,14.75%,2.22%,181.80%,109.29
ETSY,35.75,77.62,62.11,3.03,16.51,153.22,2.69,,,0.62%,89.47%,60.79%,13.49%,374.70%,198.79
EVRG,1.66,23.32,19.23,1.50,2.94,119.97,2.72,3.23%,3.37%,0.27%,85.70%,7.30%,2.71%,-20.20%,63.97
EW,12.85,71.30,44.25,2.51,13.57,14.79,1.35,,,0.74%,87.70%,19.88%,12.54%,8.90%,95.52
EXC,1.35,22.33,15.82,34.76,1.33,116.54,2.01,3.41%,3.41%,0.25%,80.82%,5.63%,2.12%,-53.50%,44.94
EXPD,7.03,27.24,24.81,4.21,1.87,16.45,4.07,0.94%,0.94%,0.60%,96.61%,28.73%,13.64%,44.60%,109.86
EXPE,17.31,14.99,172.41,27.97,4.84,219.95,-19.00,0.19%,,16.50%,100.23%,-57.06%,-4.76%,,176.23
EXR,6.72,33.29,43.10,69.44,13.83,167.24,4.42,2.52%,2.72%,2.20%,96.76%,20.26%,4.84%,87.70%,148.69
F,1.46,,9.43,0.19,0.35,529.03,-0.32,1.33%,,0.24%,54.07%,-3.99%,-0.60%,,11.54
FANG,1.74,,10.25,0.49,4.74,59.40,-28.59,1.81%,1.91%,0.71%,86.61%,-37.81%,1.41%,,81.73
FAST,10.90,35.01,33.67,3.25,5.35,23.58,1.51,1.95%,2.12%,0.32%,81.06%,31.86%,17.94%,3.90%,52.28
FB,7.00,28.21,28.90,1.25,10.09,9.08,11.67,,,0.58%,80.57%,28.24%,15.80%,93.70%,325.08
FBHS,5.23,26.63,20.92,1.84,2.42,99.12,3.94,0.91%,0.99%,0.48%,89.89%,21.31%,7.82%,57.20%,104.98
FCX,5.15,31.22,14.84,,3.47,50.12,1.22,0.13%,0.76%,0.58%,76.81%,12.96%,6.41%,,37.71
FDX,3.57,26.25,15.38,0.86,1.00,175.45,11.36,0.88%,0.88%,7.66%,73.19%,14.84%,3.96%,183.20%,290.31
FE,2.79,15.59,15.08,4.08,1.90,328.71,2.47,4.14%,4.14%,0.20%,81.23%,18.54%,3.44%,352.70%,37.92
FFIV,5.70,42.44,18.76,1.16,4.79,31.59,4.81,,,0.39%,100.67%,13.70%,5.78%,-11.00%,186.76
FIS,1.96,622.76,24.39,2.09,7.78,41.67,0.25,0.90%,1.00%,0.31%,92.36%,0.33%,1.15%,,152.9
FISV,2.56,95.52,22.62,1.23,5.61,64.56,1.28,,,0.47%,94.17%,2.76%,1.62%,-22.40%,120.12
FITB,1.41,14.97,12.99,1.13,4.05,,2.72,2.65%,2.65%,0.43%,81.27%,9.33%,1.06%,"1,345.80%",40.54
FLIR,4.21,37.69,24.10,3.30,4.16,41.29,1.60,1.13%,1.13%,1.32%,93.60%,11.32%,6.99%,"4,367.90%",59.97
FLT,7.15,35.44,23.04,1.18,10.45,134.50,8.12,,,2.53%,93.43%,19.93%,5.19%,-10.90%,287.72
FMC,5.26,27.08,17.06,1.60,3.38,115.42,4.22,1.50%,1.60%,0.57%,90.85%,20.88%,6.78%,,118.24
FOX,1.99,14.44,14.31,38.67,1.76,76.00,2.53,1.25%,1.25%,40.47%,58.24%,14.59%,8.17%,-25.30%,36.38
FOXA,2.04,14.81,14.68,39.66,1.81,76.00,2.53,1.22%,1.22%,1.66%,106.02%,14.59%,8.17%,-25.30%,37.42
FRC,3.18,32.04,27.17,,8.36,,6.40,0.44%,0.47%,0.82%,101.89%,10.13%,0.84%,53.10%,183.24
FRT,3.81,69.77,90.09,5.39,10.22,165.12,1.62,3.73%,3.75%,1.01%,94.35%,4.98%,2.09%,-35.70%,112.84
FTNT,37.27,67.17,52.63,3.56,12.64,6.20,2.91,,,18.24%,70.18%,44.44%,7.76%,24.10%,204.23
FTV,2.83,18.48,29.94,2.20,5.80,49.39,4.49,0.37%,0.37%,4.41%,95.40%,17.74%,2.36%,530.50%,70.82
GD,3.51,17.26,17.15,2.68,1.42,,,2.31%,,,,,,,190.23
GE,3.45,,52.91,10.57,1.50,211.93,-0.45,0.30%,0.30%,0.24%,63.71%,-1.35%,-0.05%,,13.12
GILD,4.42,638.40,8.91,0.45,3.27,176.26,0.10,4.26%,4.45%,0.09%,79.34%,0.44%,10.78%,-42.50%,63.47
GIS,4.21,14.91,16.29,3.44,2.04,141.57,4.12,3.26%,3.32%,0.16%,77.65%,28.30%,7.11%,31.20%,60.86
GL,1.37,14.78,13.91,,2.25,22.16,6.83,0.67%,0.76%,2.16%,76.93%,,,7.80%,102.49
GLW,3.13,32.96,21.83,1.28,2.98,57.56,1.41,1.99%,2.13%,10.73%,76.52%,9.34%,3.82%,,44.21
GM,1.81,13.06,10.62,1.03,0.67,223.59,4.33,0.67%,,4.97%,81.20%,13.22%,2.31%,,57.22
GNRC,15.25,61.53,38.46,7.71,8.65,65.02,7.12,,,1.61%,97.08%,33.97%,12.58%,235.10%,323.95
GOOG,7.08,32.39,34.97,1.64,9.03,12.28,75.04,,,5.98%,68.81%,23.69%,10.34%,162.30%,2410.12
GOOGL,6.97,31.89,34.36,1.61,8.89,12.28,75.04,,,0.13%,81.21%,23.69%,10.34%,162.30%,2353.5
GPC,5.46,70.25,21.41,1.89,1.08,102.13,0.37,2.53%,2.59%,2.79%,78.40%,7.66%,4.84%,59.50%,124.97
GPN,2.37,112.43,27.62,1.61,8.88,37.37,1.95,0.36%,0.36%,0.87%,92.03%,2.18%,1.71%,77.70%,214.63
GPS,4.85,8.73,23.36,4.15,0.92,293.19,-1.78,0.71%,2.87%,47.38%,53.58%,-22.43%,-2.20%,,33.1
GRMN,4.66,25.35,27.62,3.55,6.05,1.31,5.47,1.93%,1.93%,21.42%,53.00%,19.74%,10.79%,36.50%,137.24
GS,1.23,8.77,10.82,3.28,2.33,479.59,40.26,1.42%,1.43%,0.55%,72.28%,15.75%,1.26%,463.60%,348.45
GWW,12.31,33.53,23.42,1.80,1.96,124.99,12.82,1.38%,1.51%,13.51%,73.44%,36.36%,13.66%,63.10%,433.54
HAL,3.50,,22.62,0.72,1.40,204.87,-1.99,0.88%,0.88%,0.31%,79.26%,-29.21%,1.26%,,19.56
HAS,4.70,33.36,21.83,2.20,2.49,161.93,2.97,2.76%,2.74%,8.03%,85.16%,14.23%,4.54%,,99.45
HBAN,1.44,13.60,12.41,0.62,3.19,,1.14,3.87%,3.87%,0.97%,77.75%,10.26%,1.09%,"1,008.30%",15.32
HBI,9.06,12.68,12.82,2.71,1.12,554.25,-0.21,2.84%,2.84%,1.26%,93.01%,-7.37%,6.57%,,21.06
HCA,275.47,15.09,14.66,1.28,1.32,1321.59,13.38,0.24%,0.97%,21.35%,71.81%,592.35%,10.81%,144.90%,201.06
HD,106.04,27.25,25.64,3.52,2.65,1316.22,11.94,1.89%,2.03%,0.07%,71.71%,"14,061.20%",21.17%,15.20%,323.67
HES,4.21,,68.97,,4.54,143.25,-10.15,1.30%,1.32%,10.28%,85.11%,-35.40%,-0.80%,,74.51
HFC,1.12,20.66,,42.24,0.52,62.52,-3.72,3.92%,3.92%,0.56%,91.45%,-8.42%,-0.94%,,35.0
HIG,1.37,14.21,14.22,,1.16,24.84,4.69,1.99%,2.10%,0.32%,94.09%,10.39%,2.14%,-8.80%,65.96
HII,4.51,12.43,17.45,2.06,0.92,98.89,17.14,1.99%,2.14%,2.22%,85.45%,39.90%,7.29%,67.10%,212.32
HLT,,646.31,48.78,0.36,8.45,,-2.58,0.12%,,1.88%,102.28%,,0.18%,,128.7
HOLX,5.22,12.54,8.00,0.32,3.83,73.74,7.28,,,0.60%,97.52%,64.65%,21.16%,543.70%,65.55
HON,8.65,34.24,28.49,2.40,4.86,121.33,6.53,1.63%,1.66%,0.12%,78.89%,26.05%,6.77%,-9.70%,223.04
HPE,1.31,11.64,9.09,1.46,0.79,96.51,-0.33,2.93%,2.97%,0.30%,83.12%,-2.58%,2.03%,-33.00%,16.02
HPQ,,14.64,10.85,1.42,0.83,,2.35,2.08%,2.23%,0.15%,83.52%,,7.98%,57.50%,34.11
HRL,3.84,28.75,26.95,4.21,2.63,19.86,1.62,2.02%,2.10%,47.78%,45.90%,14.03%,7.81%,-8.50%,46.2
HSIC,3.10,26.00,20.04,2.11,1.04,23.25,2.82,,,1.19%,98.29%,10.17%,4.57%,-56.80%,72.5
HST,2.06,87.08,,,8.03,95.60,-1.04,1.09%,,1.20%,104.20%,-10.66%,-4.55%,,18.16
HSY,15.21,26.88,24.21,5.16,4.22,215.43,6.11,1.92%,1.96%,0.21%,118.75%,64.05%,13.06%,40.60%,164.3
HUM,4.21,17.69,20.66,1.54,0.77,53.62,28.15,0.58%,0.63%,0.25%,96.89%,28.04%,8.91%,75.10%,445.24
HWM,3.96,66.96,35.71,0.80,2.68,145.74,,,,0.50%,89.82%,5.16%,3.58%,-65.70%,31.96
IBM,6.03,24.53,13.21,1.55,1.76,284.11,5.98,4.52%,4.55%,0.13%,58.13%,25.36%,3.76%,-18.70%,141.88
ICE,3.40,31.21,23.87,1.61,7.92,86.24,3.77,1.02%,1.12%,1.30%,93.31%,11.40%,1.78%,17.40%,117.71
IDXX,74.87,82.36,74.07,6.92,17.71,158.55,6.71,,,0.96%,88.08%,143.63%,21.04%,93.10%,548.99
IEX,6.64,44.82,39.06,2.87,7.23,44.18,5.09,0.66%,0.88%,0.19%,99.53%,16.05%,8.27%,10.50%,224.2
IFF,5.68,44.90,25.13,0.78,3.22,73.60,3.21,2.11%,2.14%,0.12%,49.87%,5.76%,3.44%,-19.10%,142.17
ILMN,11.86,93.44,75.19,1.93,17.01,58.45,4.28,,,0.25%,93.85%,13.18%,4.35%,-15.00%,392.84
INCY,7.15,47.64,26.04,0.92,6.94,2.36,-1.36,,,1.22%,95.14%,-11.35%,-4.32%,35.00%,85.38
INFO,5.28,80.87,34.36,2.97,10.04,62.91,1.33,0.66%,0.76%,6.53%,88.09%,6.25%,3.83%,-69.20%,107.58
INTC,2.95,13.10,12.80,2.56,3.13,44.96,4.46,2.29%,2.39%,0.05%,66.09%,23.82%,9.46%,-40.60%,57.53
INTU,12.85,63.05,43.10,3.06,14.37,31.81,6.55,0.54%,0.57%,2.82%,86.92%,27.74%,12.39%,-91.70%,412.16
IP,2.91,47.62,14.45,1.75,1.12,108.74,1.22,3.53%,3.53%,0.28%,83.06%,6.19%,3.30%,-7.30%,58.0
IPG,4.35,36.00,17.12,6.94,1.39,170.81,1.11,3.23%,3.37%,0.67%,101.22%,15.48%,4.48%,"1,851.10%",31.75
IPGP,4.79,78.00,45.25,,10.38,2.42,2.97,,,32.57%,64.23%,6.42%,5.11%,,217.11
IQV,7.58,112.12,28.09,1.27,3.82,202.45,2.10,,,0.73%,92.34%,7.21%,2.51%,158.50%,234.69
IR,2.40,170.80,28.17,1.92,3.89,42.81,-0.21,4.14%,,0.35%,95.26%,1.32%,2.19%,,49.41
IRM,10.23,33.86,28.65,,2.80,920.93,1.19,6.14%,6.14%,0.99%,82.10%,25.15%,3.57%,556.30%,40.12
ISRG,10.07,88.90,68.03,5.14,22.89,,9.72,,,0.96%,90.21%,12.67%,6.90%,36.00%,865.0
IT,15.79,66.89,32.15,,4.35,270.73,2.96,,,2.92%,95.53%,26.29%,4.28%,76.70%,195.88
ITW,22.96,34.81,29.07,2.14,5.84,261.16,6.63,1.92%,1.98%,0.24%,79.73%,67.90%,11.79%,0.20%,230.46
IVZ,0.88,18.06,10.12,1.38,2.07,13.56,1.53,2.30%,2.46%,1.50%,88.12%,7.18%,2.31%,132.40%,27.0
J,2.89,41.02,23.04,1.76,1.31,44.47,,,0.62%,0.92%,91.59%,7.66%,4.78%,0.00%,133.61
JBHT,6.68,33.53,26.60,1.77,1.84,47.81,5.13,0.63%,0.70%,20.47%,75.15%,21.89%,8.30%,39.80%,170.71
JCI,2.57,58.59,24.45,1.76,2.13,49.04,1.24,1.64%,1.71%,0.27%,92.39%,4.97%,3.21%,183.60%,62.34
JKHY,8.08,42.20,36.90,2.75,7.34,4.34,3.89,1.05%,1.12%,0.86%,91.90%,19.68%,10.62%,-0.20%,162.83
JNJ,6.83,29.01,17.27,1.83,5.21,57.47,5.66,2.46%,2.58%,0.08%,69.84%,,,6.90%,162.73
JNPR,1.95,43.20,15.55,1.38,1.94,41.75,0.62,3.04%,3.04%,1.28%,98.26%,4.68%,3.22%,,25.39
JPM,1.89,12.32,13.33,2.56,3.87,,12.61,2.32%,2.32%,0.88%,73.26%,14.97%,1.19%,399.10%,153.81
K,6.86,17.28,15.58,2.29,1.57,223.96,3.63,3.63%,3.68%,0.75%,89.70%,36.37%,6.52%,41.40%,62.42
KEY,1.36,12.61,11.29,1.23,3.15,,1.77,3.35%,3.35%,0.48%,88.03%,10.28%,1.08%,326.00%,21.76
KEYS,7.81,44.03,25.91,,6.49,57.01,3.37,,,0.49%,92.21%,19.09%,7.09%,5.50%,144.35
KHC,1.02,143.74,16.34,3.68,1.95,58.02,0.29,3.84%,3.84%,1.66%,80.28%,0.71%,3.66%,467.00%,41.29
KIM,1.64,9.72,54.35,4.93,8.66,95.89,2.25,2.54%,3.35%,2.88%,92.81%,18.86%,1.89%,83.90%,21.0
KLAC,17.13,37.26,22.12,2.07,8.40,120.91,8.74,1.07%,1.10%,0.27%,97.22%,48.44%,12.99%,20.20%,315.35
KMB,86.40,19.88,17.39,5.03,2.40,1186.33,6.67,3.28%,3.44%,0.13%,75.90%,584.60%,12.96%,-11.50%,133.32
KMI,1.22,21.35,17.86,2.06,2.83,99.84,0.80,6.12%,6.25%,12.50%,62.47%,5.61%,3.77%,,17.05
KMX,4.98,29.47,23.09,1.53,1.16,358.72,4.52,,,0.31%,99.20%,18.37%,3.06%,-2.30%,133.24
KO,11.49,32.49,24.69,2.88,7.02,202.53,1.67,3.04%,3.10%,0.64%,69.03%,34.28%,6.96%,-19.10%,53.98
KR,2.91,11.33,13.23,4.95,0.22,215.57,3.27,1.89%,1.94%,0.71%,90.51%,28.56%,4.23%,,36.54
KSU,6.32,44.38,32.79,3.00,10.52,83.64,6.64,0.60%,0.73%,0.50%,88.46%,13.29%,6.36%,0.80%,292.21
L,0.83,,,,1.15,55.31,-3.32,0.45%,0.45%,15.64%,64.55%,-6.28%,-0.13%,82.90%,55.75
LB,,22.22,14.14,1.46,1.58,,3.00,0.45%,,19.05%,80.72%,,10.80%,,65.9
LDOS,3.69,23.12,15.95,,1.18,143.06,4.36,1.35%,1.35%,0.80%,78.90%,17.26%,5.91%,8.80%,101.28
LEG,4.84,27.77,,,1.60,148.51,1.82,3.17%,3.17%,1.08%,75.11%,18.33%,5.32%,18.90%,49.67
LEN,1.74,10.74,10.12,0.68,1.39,37.41,9.78,0.71%,0.95%,2.14%,97.37%,17.57%,7.43%,151.30%,103.6
LH,2.79,16.81,12.52,2.07,1.87,72.03,15.88,,,0.59%,93.24%,18.35%,10.13%,313.20%,265.87
LHX,2.08,40.31,16.29,1.17,2.48,37.27,7.35,1.43%,1.95%,0.58%,82.86%,4.99%,4.24%,-72.60%,209.23
LIN,3.20,61.56,31.35,2.95,5.64,34.74,4.71,1.33%,1.47%,0.19%,81.05%,5.18%,2.94%,50.70%,285.84
LKQ,2.50,22.28,16.89,1.81,1.23,76.35,2.09,,,0.87%,98.20%,11.90%,5.24%,28.90%,46.71
LLY,30.97,27.59,22.42,1.68,6.86,301.27,6.68,1.68%,1.87%,0.15%,83.78%,,,-6.90%,182.77
LMT,16.75,15.23,14.33,4.06,1.62,192.06,24.78,2.63%,2.73%,0.09%,78.19%,142.73%,11.24%,7.00%,380.56
LNC,0.55,25.54,7.45,,0.73,35.70,2.56,2.48%,2.57%,5.94%,80.52%,2.35%,0.14%,-66.90%,64.13
LNT,2.44,22.42,21.46,3.21,4.03,121.96,2.47,2.74%,2.91%,0.10%,75.56%,10.87%,2.60%,-42.30%,56.17
LOW,99.04,25.61,20.66,1.87,1.66,1824.01,7.75,1.16%,1.21%,0.06%,78.81%,342.33%,15.79%,91.80%,196.25
LRCX,17.01,27.10,20.04,0.94,7.06,108.29,23.65,0.79%,0.81%,0.22%,87.54%,69.84%,17.37%,86.40%,620.45
LUMN,1.29,10.49,8.40,54.58,0.69,301.21,,,7.60%,0.68%,77.13%,-10.00%,3.77%,,12.83
LUV,4.05,108.41,204.08,46.69,5.34,140.60,-4.91,0.00%,,0.31%,77.79%,-31.53%,-12.42%,,62.78
LVS,17.49,104.34,149.25,,13.79,454.71,-2.58,0.00%,,46.19%,39.95%,-54.00%,-5.12%,,61.26
LW,26.10,47.13,21.98,1.75,3.38,613.90,1.71,1.15%,1.17%,0.86%,88.85%,69.44%,7.74%,-40.70%,80.5
LYB,4.51,25.29,9.39,,1.29,220.04,4.24,3.91%,3.91%,21.57%,77.11%,17.47%,4.14%,39.80%,103.74
LYV,31.01,,,,9.42,4658.60,-8.12,,,33.85%,76.72%,-178.13%,-9.58%,,81.88
MA,60.46,61.06,48.08,1.80,25.57,207.50,6.37,0.42%,0.45%,11.46%,77.53%,102.51%,16.24%,-15.00%,382.06
MAA,3.06,68.19,,,10.94,77.37,2.28,1.93%,2.64%,0.68%,93.29%,4.49%,2.36%,28.80%,157.33
MAR,114.35,219.45,59.52,0.48,4.65,2638.60,-0.82,0.32%,,16.49%,61.53%,-47.13%,1.17%,,148.52
MAS,,22.39,19.38,2.20,2.23,708.55,4.60,0.85%,1.45%,0.60%,96.85%,472.33%,14.58%,-57.00%,63.88
MCD,,37.28,27.62,2.49,9.19,,6.89,2.16%,2.19%,0.05%,68.40%,,,38.90%,236.08
MCHP,7.93,123.74,20.37,1.47,7.79,173.33,1.26,0.94%,1.00%,1.98%,92.77%,6.11%,3.20%,-88.40%,150.29
MCK,5.04,14.38,9.98,,0.13,957.04,-25.42,0.87%,0.88%,0.04%,88.91%,-90.49%,3.22%,,187.56
MCO,27.76,30.78,30.86,2.77,10.98,307.42,10.72,0.70%,0.75%,0.36%,93.45%,133.73%,14.26%,50.80%,326.71
MDLZ,3.16,23.07,21.37,3.66,3.22,74.29,2.64,2.02%,2.07%,0.12%,79.05%,14.34%,4.62%,30.60%,60.81
MDT,3.49,61.74,23.31,2.99,6.37,59.54,2.26,1.73%,1.76%,0.07%,83.25%,5.97%,2.51%,-33.70%,130.92
MET,0.76,11.34,10.37,2.66,0.87,145.39,5.68,2.82%,2.98%,15.39%,77.47%,7.67%,0.64%,-73.40%,63.63
MGM,3.15,13.41,,,4.38,191.42,-4.36,0.02%,0.02%,14.57%,67.59%,-18.85%,-3.25%,,40.72
MHK,1.74,29.50,19.72,,1.59,35.91,49.90,,,19.00%,78.95%,6.19%,3.45%,-6.20%,205.5
MKC,5.83,31.90,30.58,4.74,4.16,134.96,2.84,1.40%,1.50%,0.33%,83.09%,19.76%,5.91%,11.80%,90.36
MKTX,19.05,61.97,59.88,,26.44,9.39,8.00,0.50%,0.53%,2.76%,94.95%,34.15%,19.25%,7.50%,488.46
MLM,3.80,31.12,32.05,2.26,4.74,52.76,11.54,0.62%,0.63%,0.62%,99.09%,12.82%,5.70%,39.70%,353.12
MMC,7.33,31.12,25.13,2.73,3.95,140.15,4.38,1.37%,1.37%,0.10%,88.82%,26.71%,7.82%,30.40%,135.7
MMM,8.39,20.37,20.53,2.14,3.52,152.93,9.25,2.95%,2.97%,0.12%,67.36%,46.74%,9.61%,43.30%,197.14
MNST,10.02,37.10,36.36,3.77,11.39,0.41,2.64,,,29.05%,65.89%,30.21%,17.98%,85.00%,97.05
MO,30.40,19.42,10.17,6.31,4.16,993.96,2.40,7.30%,7.38%,0.09%,61.51%,95.56%,15.00%,,47.75
MOS,1.44,20.74,13.70,0.47,1.59,48.71,1.75,0.55%,0.55%,9.65%,77.83%,6.96%,1.67%,,35.18
MPC,1.65,8.08,196.08,15.65,0.52,109.51,-15.14,4.14%,4.14%,0.31%,77.43%,-30.50%,-1.77%,-35.70%,55.65
MPWR,17.52,106.03,62.50,2.83,20.66,0.32,3.50,0.54%,0.65%,2.45%,96.91%,18.89%,9.62%,32.20%,361.38
MRK,7.37,26.50,11.11,1.04,3.90,131.68,2.78,3.31%,3.53%,0.09%,75.77%,27.55%,11.16%,,74.5
MRO,0.88,17.28,20.24,,3.00,52.62,-1.83,0.51%,1.02%,0.25%,71.83%,-12.78%,-2.84%,,11.26
MS,1.69,10.94,13.28,49.29,2.75,331.10,7.64,1.67%,1.67%,20.52%,65.96%,,,142.60%,82.55
MSCI,,63.85,51.55,3.83,23.66,,7.75,0.61%,0.63%,3.00%,94.44%,,13.71%,32.90%,485.77
MSFT,14.14,34.40,30.77,2.50,12.04,60.41,7.34,0.87%,0.89%,0.07%,72.37%,44.99%,13.51%,43.80%,252.18
MSI,,34.72,21.98,1.95,4.44,,5.45,1.39%,1.50%,0.56%,87.67%,,8.85%,69.50%,188.3
MTB,1.36,14.13,13.35,2.19,3.47,,11.35,2.75%,2.75%,0.46%,84.71%,9.49%,1.11%,66.40%,157.69
MTD,109.56,53.31,44.84,3.43,10.42,508.02,24.91,,,1.59%,98.72%,171.37%,17.76%,12.20%,1313.32
MU,2.43,31.34,16.89,0.78,4.25,17.72,2.81,,,0.17%,85.87%,8.23%,4.37%,48.90%,86.07
MXIM,12.12,33.59,30.30,2.54,10.67,48.82,2.89,0.49%,,0.59%,85.90%,41.43%,13.81%,36.50%,94.0
NCLH,2.56,3.81,60.61,,6.03,275.98,-15.75,,,0.42%,48.85%,-73.83%,-6.60%,,31.05
NDAQ,4.20,26.32,24.75,5.21,4.56,99.40,6.15,1.21%,1.33%,18.64%,78.94%,17.52%,5.52%,46.80%,161.54
NEE,4.05,36.60,30.67,3.36,8.89,115.17,2.11,1.86%,1.99%,0.13%,80.02%,8.20%,2.03%,295.70%,77.51
NEM,2.17,18.82,20.16,0.79,4.37,28.52,3.51,2.33%,3.53%,0.13%,83.09%,11.35%,5.07%,45.80%,62.41
NFLX,17.52,61.62,49.75,1.57,8.78,137.68,8.26,,,1.49%,82.00%,35.31%,9.29%,140.70%,513.47
NI,2.07,49.48,19.27,4.22,2.11,170.56,-0.19,3.30%,3.42%,0.39%,94.25%,-0.24%,2.82%,,26.02
NKE,17.65,62.56,33.67,1.60,5.54,107.70,2.14,0.78%,0.83%,0.29%,84.02%,32.69%,8.79%,71.10%,132.62
NLOK,1.19k,21.15,13.37,0.69,5.41,,,,2.31%,0.95%,96.68%,15.56%,4.93%,-93.70%,21.61
NLSN,4.58,,17.12,,1.49,391.39,-0.02,0.92%,0.94%,0.56%,107.60%,0.30%,3.47%,,25.65
NOC,5.36,18.51,14.97,7.34,1.60,157.00,19.03,1.61%,1.65%,0.21%,86.50%,32.88%,6.18%,,354.44
NOV,1.14,,24.51,,0.96,49.46,-1.59,0.00%,,0.52%,91.51%,-11.25%,-3.46%,,14.95
NOW,32.83,664.47,93.46,3.00,21.21,69.41,0.76,,,0.37%,90.17%,5.75%,2.05%,70.80%,506.37
NRG,5.29,17.55,13.76,0.69,0.98,538.04,2.07,3.40%,3.58%,0.92%,96.34%,30.38%,5.44%,,35.82
NSC,5.15,35.80,25.00,2.17,7.36,92.27,7.84,1.34%,1.41%,0.11%,78.70%,13.43%,5.73%,0.80%,279.24
NTAP,35.80,29.12,16.98,1.77,3.09,576.99,2.64,2.50%,2.50%,0.33%,105.38%,155.79%,7.09%,-34.30%,74.69
NTRS,2.25,20.39,17.70,1.51,4.48,,5.61,2.45%,2.45%,0.38%,84.10%,10.96%,0.75%,4.00%,113.8
NUE,2.15,15.29,8.58,,1.16,45.02,5.39,1.96%,1.97%,0.52%,81.20%,15.76%,7.87%,"4,535.40%",82.26
NVDA,22.58,88.84,44.44,3.81,23.09,45.69,6.90,0.10%,0.11%,4.07%,68.39%,29.78%,12.80%,53.20%,600.38
NVR,6.00,20.23,14.99,5.00,2.46,52.08,248.33,,,5.28%,86.05%,35.67%,16.75%,41.60%,5018.1
NWL,2.96,,16.34,,1.22,161.79,-1.82,3.41%,3.45%,0.84%,86.77%,-17.31%,3.54%,-84.00%,26.96
NWS,1.78,,47.62,1.54,1.66,28.42,-1.46,0.82%,0.82%,39.44%,33.37%,-11.76%,2.22%,171.80%,24.31
NWSA,1.93,,51.55,1.67,1.79,28.42,-1.46,0.75%,0.75%,0.59%,97.72%,-11.76%,2.22%,171.80%,26.2
NXPI,6.67,132.95,21.23,1.35,6.24,89.32,1.50,0.84%,1.13%,0.48%,97.85%,5.14%,3.06%,,192.51
O,2.36,60.80,48.54,8.36,14.50,81.79,1.14,4.06%,4.07%,0.16%,71.09%,3.81%,2.55%,-8.80%,69.15
ODFL,9.42,41.36,34.72,2.34,7.36,3.13,6.27,0.25%,0.31%,12.05%,73.12%,23.80%,14.98%,49.70%,257.81
OKE,3.88,37.04,17.67,2.03,2.66,241.05,1.42,7.11%,7.11%,0.60%,67.26%,9.99%,5.43%,-3.80%,52.34
OMC,5.55,18.38,14.03,1.32,1.36,174.88,4.51,3.20%,3.38%,1.15%,97.18%,30.02%,4.51%,11.50%,82.26
ORCL,24.58,18.19,15.80,1.67,5.88,719.09,4.18,1.27%,1.69%,39.73%,48.65%,104.66%,8.97%,95.30%,75.79
ORLY,,20.55,22.99,2.14,3.28,,26.65,,,1.30%,85.40%,"3,835.34%",14.65%,67.00%,552.88
OTIS,,32.65,27.70,3.27,2.59,,,,1.23%,0.04%,88.62%,,12.24%,86.70%,77.87
OXY,2.75,,,,1.34,210.29,-17.06,3.16%,0.15%,0.23%,67.76%,-51.26%,-5.56%,,25.36
PAYC,36.19,160.26,94.34,3.42,27.31,8.97,2.46,,,15.98%,75.04%,24.27%,4.57%,-46.30%,384.41
PAYX,12.03,34.02,31.65,5.21,9.11,30.13,2.92,2.50%,2.50%,10.75%,73.11%,36.79%,9.19%,-1.10%,97.49
PBCT,1.09,35.96,14.39,,4.03,,0.52,3.89%,3.90%,0.64%,74.60%,3.05%,0.37%,10.80%,18.13
PCAR,2.98,22.69,16.37,1.09,5.36,111.61,4.06,1.39%,1.48%,1.74%,68.46%,13.84%,3.97%,30.80%,89.88
PEAK,2.69,125.44,53.76,2.13,10.94,88.20,,,3.54%,0.21%,98.06%,2.29%,0.78%,236.40%,34.34
PEG,1.99,16.78,18.02,4.97,3.33,109.67,3.76,3.11%,3.23%,0.17%,71.80%,12.26%,3.06%,-1.40%,63.16
PENN,5.43,77.43,37.04,,3.42,420.12,-5.00,,,1.69%,89.83%,-29.69%,0.98%,,89.12
PEP,14.26,26.66,23.64,3.27,2.81,310.72,5.40,2.84%,2.84%,0.14%,73.17%,54.66%,7.76%,28.10%,144.16
PFE,3.40,31.13,12.11,2.12,5.19,65.02,1.71,3.94%,4.04%,0.04%,67.56%,11.06%,3.93%,,38.65
PFG,1.14,,10.88,,1.19,27.89,5.05,3.49%,3.80%,0.43%,73.64%,8.98%,0.37%,57.10%,63.87
PG,7.10,24.36,22.08,3.47,4.62,63.57,5.44,2.39%,2.63%,0.10%,66.14%,30.65%,9.64%,12.10%,133.42
PGR,3.34,9.27,17.30,24.73,1.34,30.26,11.00,4.81%,0.39%,0.30%,84.04%,40.02%,8.62%,111.70%,100.74
PH,5.70,28.51,19.42,1.75,3.02,101.28,11.02,1.12%,1.31%,0.43%,83.75%,21.27%,6.33%,118.80%,313.81
PHM,2.35,10.74,8.30,2.77,1.40,50.85,5.18,0.80%,0.94%,3.50%,90.66%,23.39%,9.68%,30.50%,59.12
PKG,4.39,29.41,21.28,,2.10,84.34,5.10,1.72%,2.67%,1.49%,94.13%,,,17.50%,147.65
PKI,3.91,20.08,15.22,1.75,3.87,59.41,6.50,0.21%,0.21%,0.30%,96.95%,22.23%,8.50%,489.70%,129.63
PLD,2.69,64.59,69.93,11.20,19.29,46.62,1.82,2.04%,2.17%,0.50%,96.56%,4.09%,1.97%,-25.20%,116.53
PM,,17.16,15.85,1.75,5.09,,5.54,5.02%,5.05%,0.20%,75.36%,,20.08%,32.40%,95.0
PNC,1.49,22.23,16.81,0.97,4.86,,19.14,2.43%,2.43%,0.28%,84.86%,7.89%,0.88%,100.00%,186.95
PNR,4.94,26.27,22.08,2.02,3.43,46.32,2.48,1.18%,1.23%,0.37%,94.15%,20.34%,7.52%,76.90%,64.51
PNW,1.67,17.16,16.67,4.63,2.63,120.28,4.87,3.84%,3.97%,0.23%,88.84%,10.08%,2.74%,,84.65
POOL,25.72,39.61,,,3.98,97.89,10.64,0.55%,0.55%,3.20%,96.83%,86.35%,17.92%,219.10%,422.52
PPG,7.03,34.64,22.32,6.19,2.88,118.50,5.01,1.23%,1.25%,0.27%,82.56%,22.36%,6.17%,55.60%,171.24
PPL,1.68,15.32,11.95,4.53,2.96,186.73,1.91,5.67%,5.67%,0.10%,69.55%,11.14%,4.12%,-20.30%,29.13
PRGO,0.99,24.33,16.21,,1.13,66.48,-1.20,2.14%,2.28%,1.05%,84.84%,-2.84%,2.61%,,41.63
PRU,0.59,8.85,8.84,2.68,0.70,52.56,-1.00,4.35%,4.61%,0.21%,56.88%,-0.22%,-0.02%,-27.40%,100.36
PSA,10.18,41.71,35.46,6.43,16.48,28.67,6.29,2.86%,2.86%,13.31%,79.91%,15.16%,8.07%,-9.00%,281.16
PSX,1.87,119.52,47.39,10.59,0.56,79.52,-9.06,4.44%,4.44%,0.35%,69.81%,-15.25%,-1.67%,,80.91
PTC,9.44,70.97,45.25,2.56,9.58,103.89,1.88,,,10.03%,88.68%,15.10%,5.64%,"1,426.90%",130.94
PVH,1.72,,17.15,4.90,1.14,114.76,-15.96,0.03%,,0.60%,101.02%,-21.59%,-0.17%,,113.18
PWR,3.17,32.16,22.83,,1.28,33.41,3.07,0.21%,0.24%,1.11%,94.67%,10.76%,4.55%,43.90%,96.64
PXD,2.99,117.38,17.18,8.59,3.75,35.15,-1.21,1.38%,1.40%,0.69%,73.23%,-1.69%,0.45%,,153.83
PYPL,15.71,75.66,58.82,2.71,14.82,48.47,3.54,,,0.13%,84.79%,22.72%,3.52%,209.10%,262.29
QCOM,21.68,20.47,19.65,0.82,5.57,211.95,6.98,1.78%,1.91%,0.13%,77.28%,153.25%,16.09%,276.50%,138.8
QRVO,5.02,47.85,19.88,1.46,6.24,38.83,4.16,,,0.40%,86.88%,10.98%,7.18%,24.60%,188.17
RCL,2.47,57.31,,,8.24,229.89,-27.05,0.92%,,14.09%,62.04%,-53.74%,-6.04%,,86.95
RE,1.13,13.04,12.50,,1.04,21.34,12.78,2.28%,2.28%,1.26%,81.91%,5.45%,1.31%,-70.80%,276.95
REG,1.81,244.73,67.11,3.74,10.61,68.55,0.26,3.74%,3.74%,0.89%,102.64%,0.77%,1.70%,-4.50%,63.66
REGN,4.69,15.89,11.15,1.06,6.57,24.56,30.52,,,2.92%,91.62%,31.77%,12.88%,45.10%,481.3
RF,1.30,14.44,10.86,0.91,3.29,,1.52,2.82%,2.84%,0.47%,76.97%,8.94%,1.10%,296.30%,21.8
RHI,8.37,30.73,22.47,3.38,2.01,25.11,2.89,1.58%,1.71%,2.85%,95.23%,,,23.00%,87.61
RJF,2.47,17.66,17.01,1.31,2.20,52.24,7.49,1.15%,1.18%,10.81%,72.62%,,,110.10%,130.78
RL,3.62,37.98,19.38,5.43,2.24,137.72,-4.03,0.52%,,1.56%,96.14%,-10.19%,0.88%,-64.10%,133.29
RMD,10.56,43.41,39.68,4.93,9.82,33.71,4.79,0.75%,0.75%,0.81%,72.62%,27.28%,12.55%,11.80%,187.97
ROK,17.10,19.75,30.12,3.34,4.96,133.04,11.18,1.54%,1.60%,0.14%,79.69%,89.21%,8.61%,91.00%,264.26
ROL,18.59,58.99,74.63,,8.32,44.31,0.53,0.64%,0.86%,57.36%,41.20%,29.69%,12.82%,23.40%,37.28
ROP,4.35,47.28,30.12,2.27,8.27,84.29,9.43,0.36%,0.50%,1.61%,95.37%,9.81%,4.41%,20.30%,446.44
ROST,14.22,546.58,30.12,0.31,3.71,174.21,0.24,0.22%,0.87%,1.91%,88.29%,2.57%,2.43%,-47.80%,130.94
RSG,3.99,35.13,28.41,3.59,3.34,109.29,3.02,1.56%,1.60%,0.17%,93.01%,11.68%,4.96%,-18.60%,106.3
RTX,1.75,108.39,22.42,0.89,2.08,45.12,,,2.46%,0.12%,79.39%,-4.52%,1.02%,,83.24
SBAC,,240.39,91.74,,15.91,,1.24,0.70%,0.78%,1.12%,98.25%,,4.48%,,299.72
SBUX,,134.86,39.84,1.57,5.68,,0.85,1.54%,1.57%,0.18%,71.00%,,4.18%,100.80%,114.49
SCHW,2.80,31.59,22.94,1.79,8.24,36.33,2.32,1.00%,1.00%,7.21%,74.16%,9.74%,0.85%,86.70%,70.4
SEE,44.16,16.04,15.06,3.23,1.58,2225.16,3.22,1.29%,1.29%,0.60%,94.44%,,8.44%,36.30%,49.4
SHW,23.77,35.43,30.58,,3.97,353.97,7.74,0.69%,0.80%,8.57%,77.41%,66.53%,9.33%,27.30%,273.87
SIVB,3.57,19.12,25.91,,6.73,,30.38,,,0.40%,89.52%,19.91%,1.59%,295.80%,571.83
SJM,1.74,15.69,15.90,17.08,1.83,60.90,8.41,2.71%,2.73%,4.47%,88.93%,11.67%,5.56%,39.50%,130.99
SLB,3.00,,24.39,0.59,1.82,127.84,-2.04,1.80%,1.80%,0.12%,77.58%,-19.38%,2.24%,,27.05
SNA,3.35,19.28,19.57,2.40,3.20,38.77,12.45,1.92%,2.05%,1.66%,96.43%,19.36%,10.00%,40.40%,237.6
SNPS,7.88,54.54,40.32,2.63,10.34,13.42,4.62,,,0.63%,90.57%,15.96%,5.82%,56.00%,247.06
SO,2.47,22.24,19.61,4.00,3.41,156.93,2.93,3.90%,4.05%,0.18%,59.90%,9.56%,2.71%,-12.20%,66.17
SPG,13.50,34.35,29.67,3.35,8.26,744.59,3.59,4.86%,4.22%,0.48%,91.80%,37.63%,3.73%,-46.70%,121.74
SPGI,185.85,40.65,31.55,3.70,12.78,141.83,9.66,0.68%,0.78%,0.18%,88.78%,82.33%,20.24%,-16.10%,390.39
SRE,2.04,20.69,16.81,2.27,3.50,100.61,12.88,3.07%,3.23%,0.06%,83.57%,9.65%,2.58%,-4.40%,137.57
STE,4.70,42.34,30.03,2.55,5.98,48.08,5.03,0.72%,0.75%,0.36%,92.27%,11.88%,6.29%,9.10%,211.02
STT,1.26,13.75,12.03,1.52,2.84,,6.07,2.49%,2.49%,0.48%,97.60%,9.43%,0.68%,-18.10%,83.95
STX,46.01,24.33,15.50,6.95,2.40,1062.40,3.96,2.73%,2.77%,0.55%,88.94%,87.70%,9.47%,2.80%,92.84
STZ,3.45,23.62,23.87,2.73,5.48,78.84,10.32,1.24%,1.26%,9.69%,83.99%,15.39%,6.80%,-3.90%,240.32
SWK,3.42,21.22,20.62,2.24,2.12,44.03,7.77,1.33%,1.34%,0.26%,90.74%,12.22%,5.55%,134.70%,206.77
SWKS,7.40,31.16,21.74,1.37,8.41,4.21,6.33,0.95%,1.01%,0.32%,78.71%,24.58%,14.53%,98.10%,181.33
SYF,2.03,12.52,9.14,0.80,1.73,,3.56,1.99%,2.05%,0.37%,99.79%,16.72%,2.19%,258.40%,43.74
SYK,7.35,71.39,28.74,2.11,6.82,100.02,3.69,0.91%,0.96%,7.31%,75.38%,10.58%,5.86%,-38.70%,262.63
SYY,30.11,130.45,27.17,1.81,0.94,991.92,-0.66,2.14%,2.16%,0.15%,82.50%,-16.77%,2.43%,-82.40%,84.73
T,1.35,19.23,9.96,3.57,1.30,110.32,-0.34,6.64%,6.64%,0.10%,52.94%,-0.44%,2.94%,63.80%,31.41
TAP,0.97,18.78,14.12,2.91,1.25,68.17,-4.38,1.03%,,11.30%,92.78%,-7.19%,3.03%,,54.95
TDG,,88.53,51.81,5.09,7.28,,6.57,,,1.02%,100.10%,,5.50%,-83.60%,613.74
TDY,5.02,42.34,,,5.52,97.21,10.68,,,1.59%,90.46%,13.28%,5.64%,3.00%,447.75
TEL,4.72,44.01,23.04,1.66,3.50,46.85,3.24,1.39%,1.45%,0.20%,93.94%,11.08%,6.13%,,134.47
TER,9.37,29.73,28.82,,7.56,21.42,4.28,0.31%,0.31%,0.32%,98.69%,42.53%,17.51%,57.00%,125.08
TFC,1.33,18.00,13.32,1.15,3.61,,,,3.00%,0.28%,73.92%,7.32%,0.96%,39.30%,59.31
TFX,5.85,58.76,32.47,3.41,7.78,78.56,7.09,0.33%,0.33%,0.37%,93.07%,10.63%,3.99%,-29.70%,422.48
TGT,7.15,24.00,24.10,3.25,1.12,104.63,8.64,1.29%,1.31%,0.23%,81.57%,33.25%,8.78%,65.50%,207.26
TJX,14.77,1.02k,29.67,0.24,2.70,265.80,0.07,0.36%,1.46%,0.12%,92.63%,1.54%,0.16%,-66.90%,71.0
TMO,5.29,29.10,21.28,5.93,5.75,65.47,15.96,0.19%,0.22%,0.22%,91.50%,19.87%,7.72%,149.30%,470.23
TMUS,2.56,56.54,40.65,1.13,2.26,164.13,2.65,,,52.50%,41.88%,5.83%,4.10%,-0.10%,132.13
TPR,4.60,7.06,16.72,0.99,2.86,131.92,-1.55,0.71%,,0.25%,90.48%,-13.78%,4.14%,4.10%,47.85
TRMB,5.85,53.97,35.34,3.53,6.71,46.97,1.55,,,0.46%,99.10%,11.63%,4.33%,-35.40%,82.0
TROW,5.37,18.22,15.02,1.78,6.77,1.66,9.98,1.98%,2.38%,0.97%,72.39%,28.85%,17.17%,43.70%,179.2
TRV,1.39,14.08,14.49,1.29,1.22,23.17,11.06,2.18%,2.26%,0.29%,92.02%,10.59%,2.07%,22.20%,154.66
TSCO,11.95,26.39,28.49,3.28,1.95,201.04,7.22,0.88%,1.09%,0.65%,91.97%,52.81%,12.22%,116.50%,188.6
TSLA,29.24,1.06k,158.73,4.22,23.25,51.14,1.00,,,19.66%,45.84%,7.16%,2.99%,"2,637.50%",709.44
TSN,1.80,13.42,13.53,1.52,0.66,71.97,5.54,2.17%,2.30%,2.59%,81.67%,13.40%,6.74%,-7.50%,77.45
TT,6.55,43.68,31.95,2.75,3.43,88.49,,,1.34%,0.39%,83.21%,14.43%,5.16%,-17.40%,173.83
TTWO,6.44,41.33,29.41,2.33,6.18,5.94,4.27,,,1.72%,95.58%,17.73%,6.02%,11.40%,175.38
TWTR,6.52,21.91,67.11,,13.80,81.14,-1.34,,,2.51%,77.98%,-12.81%,1.04%,,55.22
TXN,16.88,28.15,26.39,2.44,11.22,61.48,6.60,2.08%,2.20%,0.24%,85.40%,68.98%,22.41%,49.30%,180.51
TXT,2.45,46.77,22.83,0.68,1.24,80.79,1.35,0.13%,0.13%,0.46%,85.61%,5.44%,2.58%,18.60%,64.24
TYL,8.43,96.73,74.07,3.65,15.69,29.79,4.69,,,1.30%,96.20%,9.76%,4.06%,-22.20%,424.86
UA,5.45,41.15,123.46,,2.04,119.66,-1.21,,,16.49%,74.91%,-28.71%,-0.09%,,19.91
UAA,6.63,45.95,149.25,,2.48,119.66,-1.21,,,0.36%,91.41%,-28.71%,-0.09%,,24.31
UAL,3.34,9.50,,,1.50,676.66,-22.68,,,0.25%,63.65%,-91.93%,-12.19%,,54.4
UDR,4.62,230.05,,,11.13,130.70,0.20,3.13%,3.15%,0.86%,100.73%,1.61%,0.92%,-40.50%,46.45
UHS,1.94,12.61,13.76,,1.08,59.66,11.79,0.13%,0.54%,14.44%,95.44%,16.82%,7.17%,47.20%,148.41
ULTA,9.11,105.76,35.46,1.12,3.02,94.86,3.11,,,2.70%,93.11%,9.01%,5.07%,-23.00%,329.35
UNH,5.47,22.83,22.12,1.73,1.47,65.54,17.59,1.25%,1.25%,0.58%,89.68%,26.15%,7.66%,43.80%,398.8
UNM,0.54,7.42,6.09,,0.45,31.75,3.89,3.95%,3.95%,0.65%,88.36%,7.61%,1.05%,-54.30%,28.26
UNP,9.17,29.04,23.36,2.29,7.85,173.17,7.73,1.73%,1.73%,0.22%,81.28%,32.35%,7.79%,-9.00%,222.09
UPS,24.78,34.53,20.08,2.14,1.99,374.34,5.92,1.99%,2.00%,0.01%,68.75%,98.74%,6.42%,396.60%,203.86
URI,4.99,25.84,18.08,1.51,2.81,206.55,12.69,,,0.44%,97.09%,21.96%,6.47%,17.30%,319.95
USB,1.97,15.84,14.58,1.78,3.94,,3.79,2.80%,2.80%,0.08%,76.02%,11.66%,1.11%,94.70%,59.35
V,14.89,48.84,43.29,2.06,24.40,55.64,4.82,0.52%,0.54%,0.12%,95.99%,29.50%,11.11%,-1.90%,233.56
VFC,11.09,111.90,29.41,3.01,3.98,232.59,-0.43,2.17%,2.19%,7.25%,82.85%,-4.93%,3.22%,-25.30%,87.66
VIAC,1.70,11.13,10.07,0.90,1.01,133.03,,,2.31%,3.70%,87.72%,17.34%,5.51%,,41.02
VLO,1.72,17.05,108.70,,0.48,80.68,-0.69,5.24%,5.29%,0.40%,79.71%,,,,73.96
VMC,4.00,41.20,35.97,1.77,4.98,61.89,4.38,0.75%,0.81%,0.19%,90.71%,10.10%,5.05%,-18.80%,178.24
VNO,1.66,137.14,33.33,,5.79,104.79,-1.83,5.14%,4.62%,8.54%,82.07%,-5.86%,0.99%,,45.75
VRSK,11.35,43.76,35.46,,11.20,130.61,4.31,0.57%,0.62%,1.04%,92.43%,28.74%,8.73%,33.30%,188.2
VRSN,,39.64,40.49,8.94,19.69,,5.52,,,1.28%,94.31%,,29.28%,-55.00%,218.77
VRTX,6.31,20.59,18.52,0.38,8.99,10.85,10.29,,,0.14%,95.40%,36.71%,17.87%,3.60%,218.2
VTR,2.06,47.69,1.43k,67.20,5.54,115.14,1.17,3.84%,3.23%,0.37%,94.98%,4.14%,1.53%,865.20%,55.46
VTRS,0.70,28.56,3.83,,0.67,113.74,,,,0.47%,79.10%,-3.85%,1.47%,,13.3
VZ,3.33,12.54,11.39,3.35,1.83,248.62,4.56,4.36%,4.38%,0.02%,68.08%,28.94%,6.19%,26.20%,57.79
WAB,1.57,38.58,19.01,,2.11,44.67,2.17,0.57%,0.57%,4.41%,91.98%,4.09%,2.91%,-35.20%,82.07
WAT,80.76,36.14,31.65,3.04,7.97,645.06,8.36,,,0.63%,91.68%,"6,575.94%",15.74%,8.80%,299.87
WBA,2.16,78.40,11.47,15.08,0.32,190.30,-0.71,3.53%,3.57%,17.26%,57.67%,-2.93%,1.78%,8.50%,53.1
WDC,2.22,124.79,10.73,0.42,1.32,96.61,0.55,0.70%,,0.52%,80.29%,1.74%,1.48%,,70.63
WEC,2.88,25.26,23.81,3.59,4.18,134.43,3.79,2.64%,2.79%,0.16%,73.70%,11.48%,3.06%,-2.00%,97.17
WELL,2.01,40.90,101.01,3.89,7.28,87.54,1.75,3.21%,3.21%,0.17%,93.04%,4.53%,1.29%,-76.90%,75.03
WFC,1.15,31.89,14.99,0.26,2.63,,1.46,1.75%,0.87%,0.08%,71.09%,4.24%,0.40%,626.20%,45.05
WHR,3.53,11.12,11.11,,0.74,119.19,21.44,2.06%,2.35%,0.46%,93.60%,29.87%,7.13%,181.20%,236.45
WLTW,2.96,32.44,21.69,1.76,3.45,61.53,7.65,1.12%,1.14%,0.55%,100.70%,9.58%,2.91%,-12.50%,258.86
WM,7.80,37.48,28.74,3.02,3.73,181.56,3.66,1.61%,1.68%,0.15%,80.79%,21.96%,6.05%,16.60%,137.97
WMB,2.54,144.59,21.19,2.40,3.87,154.52,0.17,6.51%,6.67%,0.22%,86.33%,1.28%,3.55%,,24.36
WMT,4.85,29.40,26.11,4.45,0.71,72.78,4.75,1.55%,1.58%,49.08%,30.92%,16.21%,6.89%,,139.91
WRB,2.30,19.61,22.42,1.10,1.77,46.30,4.07,0.60%,0.60%,22.76%,68.82%,,,,79.72
WRK,1.35,12.56,16.53,2.06,0.83,88.41,-2.61,1.90%,1.46%,1.42%,88.23%,-5.90%,2.71%,9.70%,55.75
WST,12.92,71.02,47.39,4.20,11.46,17.86,4.57,0.20%,0.21%,0.64%,95.15%,20.20%,10.23%,54.00%,328.52
WU,58.03,14.74,12.84,1.43,2.27,1769.67,1.79,3.41%,3.56%,0.52%,109.84%,"1,011.96%",6.79%,30.80%,25.76
WY,3.40,37.05,22.32,5.82,3.94,64.23,1.07,1.29%,1.72%,0.20%,84.56%,9.43%,6.03%,,38.77
WYNN,12.01,52.91,11.39,0.53,6.57,,-19.37,0.78%,,8.84%,73.16%,-578.73%,-5.29%,,128.4
XEL,2.60,25.29,23.75,3.82,3.23,152.90,2.79,2.44%,2.59%,0.30%,76.93%,10.59%,2.52%,-1.40%,71.3
XLNX,12.53,52.99,36.50,3.81,10.77,78.64,2.50,1.14%,,0.19%,82.96%,23.70%,8.92%,5.50%,127.96
XOM,1.59,54.78,19.08,,1.41,44.44,-5.25,5.90%,5.99%,0.12%,52.58%,-12.81%,-1.84%,,57.24
XRAY,2.91,126.19,24.45,18.91,4.35,49.40,-0.38,0.60%,0.61%,0.32%,99.30%,-1.65%,1.89%,-3.80%,67.51
XYL,6.81,80.19,43.67,2.75,4.17,113.00,1.40,0.93%,1.00%,1.05%,91.93%,8.55%,3.73%,25.40%,110.65
YUM,,31.79,29.59,2.01,6.20,,3.74,1.63%,1.68%,0.16%,80.03%,,20.59%,292.80%,119.52
ZBH,3.05,819.71,22.94,2.05,5.26,69.70,-0.67,0.54%,0.54%,0.08%,92.33%,-1.12%,2.37%,4.10%,177.16
ZBRA,12.39,53.12,31.15,2.39,6.02,67.63,9.35,,,0.74%,88.25%,25.31%,8.49%,17.80%,487.74
ZION,1.25,11.55,11.81,1.41,3.27,,4.92,2.41%,2.41%,1.52%,86.52%,11.00%,1.08%,"2,200.00%",55.8
ZTS,21.99,51.03,39.22,3.33,12.51,197.19,3.42,0.46%,0.57%,0.15%,93.64%,50.49%,11.43%,-6.50%,173.03
